{
   "contentMaxSize": 100,
   "description": "Page to initiate forgot password.",
   "id": {
      "component": "authsvc",
      "name": "forgot_password",
      "revision": 4
   },
   "isServiceTemplate": false,
   "parameters": {
      "optional": [
         {
            "default": null,
            "description": "Page title label.",
            "key": "@LABEL_TITLE@"
         },
         {
            "default": null,
            "description": "Page heading.",
            "key": "@LABEL_PAGE_HEADING@"
         },
         {
            "default": null,
            "description": "Page description.",
            "key": "@LABEL_PAGE_DESC@"
         },
         {
            "default": null,
            "description": "User name label.",
            "key": "@LABEL_USERNAME@"
         },
         {
            "default": null,
            "description": "Continue label.",
            "key": "@LABEL_CONTINUE@"
         },
         {
            "default": null,
            "description": "Cancel label.",
            "key": "@LABEL_CANCEL@"
         },
         {
            "default": null,
            "description": "User name instruction label.",
            "key": "@LABEL_USER_NAME_INSTRUCTION@"
         }
      ],
      "required": [
         {
            "description": "Action taken.",
            "key": "@ACTION@"
         },
         {
            "description": "Message.",
            "key": "@MESSAGE@"
         }
      ]
   }
}