{
   "contentMaxSize": 100,
   "description": "Page after successful operation.",
   "id": {
      "component": "authsvc",
      "name": "forgot_password_success",
      "revision": 3
   },
   "isServiceTemplate": false,
   "parameters": {
      "optional": [
      ],
      "required": [
         {
            "description": "Title to be shown.",
            "key": "@LABEL_TITLE@"
         },
         {
            "description": "Action taken.",
            "key": "@ACTION@"
         },
         {
            "description": "Message.",
            "key": "@MESSAGE@"
         },
         {
            "description": "Retrun Home button.",
            "key": "@LABEL_RETURN_HOME@"
         }
      ]
   }
}