{
   "contentMaxSize": 100,
   "description": "A proper error page to display when access denied.",
   "id": {
      "component": "authsvc",
      "name": "basicldapuser_login",
      "revision": 10
   },
   "isServiceTemplate": false,
   "parameters": {
      "optional": [
         {
            "default": null,
            "description": "Action taken.",
            "key": "@ACTION@"
         },
         {
            "default": null,
            "description": "Error message.",
            "key": "@ERROR_MESSAGE@"
         },
         {
            "default": null,
            "description": "User name.",
            "key": "@USERNAME@"
         },
         {
            "default": null,
            "description": "Flag to show forgot password.",
            "key": "@SHOW_FORGOT_PASSWORD_LINK@"
         }
      ],
      "required": [
      ]
   }
}