{
   "contentMaxSize": 100,
   "description": "A page to display authorization error.",
   "id": {
      "component": "oidc",
      "name": "user_error",
      "revision": 5
   },
   "isServiceTemplate": false,
   "parameters": {
      "optional": [
         {
            "default": null,
            "description": "The ID of the registered template theme.",
            "key": "@THEME_ID@"
         },
         {
            "default": null,
            "description": "The HTML that contains the header of the page. This code can be modified by customizing the header.html common template.",
            "key": "@PAGE_HEADER@"
         },
         {
            "default": null,
            "description": "The HTML that contains the footer of the page. This code can be modified by customizing the footer.html common template.",
            "key": "@PAGE_FOOTER@"
         }
      ],
      "required": [
         {
            "description": "The error code.",
            "key": "@ERROR_CODE@"
         },
         {
            "description": "The error description.",
            "key": "@ERROR_DESCRIPTION@"
         }
      ]
   }
}