{
   "contentMaxSize": 100,
   "description": "Selection page for the MFA type that a user would like to use.",
   "id": {
      "component": "authsvc",
      "name": "combinedmfa_selection",
      "revision": 9
   },
   "isServiceTemplate": false,
   "parameters": {
      "optional": [
         {
            "default": null,
            "description": "The url that the selection will be sent to.",
            "key": "@ACTION@"
         },
         {
            "default": null,
            "description": "The unique identifier for an MFA type.",
            "key": "@OTP_METHOD_ID@"
         },
         {
            "default": null,
            "description": "The localized label that will be displayed to users for an MFA type.",
            "key": "@OTP_METHOD_LABEL@"
         },
         {
            "default": null,
            "description": "The locale of the current template page.",
            "key": "@LOCALE@"
         }
      ],
      "required": [
      ]
   }
}