{
   "contentMaxSize": 100,
   "description": "A page to display denied user authorization for OIDC device flow.",
   "id": {
      "component": "oidc",
      "name": "user_authorize_denied",
      "revision": 6
   },
   "isServiceTemplate": false,
   "parameters": {
      "optional": [
         {
            "default": null,
            "description": "The user code for this OIDC device flow.",
            "key": "@OAUTH_CODE@"
         },
         {
            "default": null,
            "description": "The client (application) name.",
            "key": "@OAUTH_CLIENT_NAME@"
         },
         {
            "default": null,
            "description": "The form post target URL to return to the user authorize endpoint.",
            "key": "@ACTION@"
         },
         {
            "default": null,
            "description": "The ID of the registered template theme.",
            "key": "@THEME_ID@"
         },
         {
            "default": null,
            "description": "The HTML that contains the header of the page. This code can be modified by customizing the header.html common template.",
            "key": "@PAGE_HEADER@"
         },
         {
            "default": null,
            "description": "The HTML that contains the footer of the page. This code can be modified by customizing the footer.html common template.",
            "key": "@PAGE_FOOTER@"
         }
      ],
      "required": [
      ]
   }
}